{
	"partitions" : [
		{
			"name" : "Top",
			"pins" : [
				{
					"name" : "led_status",
					"strict" : false
				},
				{
					"name" : "led_1",
					"strict" : false
				},
				{
					"name" : "led_2",
					"strict" : false
				},
				{
					"name" : "led_3",
					"strict" : false
				},
				{
					"name" : "led_4",
					"strict" : false
				},
				{
					"name" : "clk25",
					"strict" : false
				},
				{
					"name" : "switch",
					"strict" : false
				}
			]
		}
	]
}